{
  "dummyEntity": {
    "m_width":0.020000,
    "m_height":0.050000
  }
}